time,low,high,open,close,volume
2022-11-19 16:13:00,0.9997,0.9997,0.9997,0.9997,1.09
2022-11-19 16:32:00,0.9997,0.9999,0.9997,0.9999,1107.85
2022-11-19 17:25:00,0.999,0.999,0.999,0.999,2.07
2022-11-19 17:26:00,0.999,0.9999,0.999,0.9999,1.14
2022-11-19 19:05:00,0.999,0.9999,0.999,0.9999,169.05
2022-11-19 19:38:00,0.9992,0.9999,0.9999,0.9992,1.61
2022-11-19 20:11:00,0.9992,0.9992,0.9992,0.9992,20.16
2022-11-19 20:16:00,0.9992,0.9992,0.9992,0.9992,0.11
2022-11-19 20:17:00,0.9992,0.9992,0.9992,0.9992,15.14
2022-11-19 20:46:00,0.9992,0.9998,0.9998,0.9992,15.61
2022-11-19 21:43:00,0.9998,0.9998,0.9998,0.9998,0.23
2022-11-19 21:50:00,0.9992,0.9998,0.9992,0.9992,0.13
2022-11-19 21:53:00,0.9992,0.9998,0.9998,0.9992,0.22
2022-11-19 22:05:00,0.9972,0.9992,0.9992,0.9972,620.25
2022-11-19 22:31:00,0.9972,0.9997,0.9997,0.9972,105.06
2022-11-19 23:15:00,0.9977,0.9977,0.9977,0.9977,5.37
2022-11-20 00:16:00,0.9992,0.9997,0.9997,0.9992,49.74
2022-11-20 01:00:00,0.9992,0.9997,0.9997,0.9992,0.98
2022-11-20 02:00:00,0.9992,0.9992,0.9992,0.9992,12.24
2022-11-20 03:12:00,0.9991,0.9992,0.9992,0.9992,39.76
2022-11-20 05:14:00,0.9992,0.9992,0.9992,0.9992,5.12
2022-11-20 05:46:00,0.9983,0.9992,0.9992,0.9983,146.71
2022-11-20 06:21:00,0.9983,0.9998,0.9995,0.9998,722.16
2022-11-20 06:47:00,0.9978,0.9983,0.9983,0.9978,1.0
2022-11-20 06:49:00,0.9997,0.9998,0.9998,0.9997,6.9
2022-11-20 07:59:00,0.9978,0.9978,0.9978,0.9978,3.61
2022-11-20 09:37:00,0.9998,0.9998,0.9998,0.9998,18.57
2022-11-20 09:43:00,0.9981,0.9998,0.9981,0.9998,8.02
2022-11-20 11:36:00,0.9967,0.9983,0.9983,0.9967,3642.24
2022-11-20 11:40:00,0.9967,0.9967,0.9967,0.9967,12.22
2022-11-20 12:14:00,0.9967,0.9967,0.9967,0.9967,21.81
2022-11-20 12:38:00,0.9967,0.9967,0.9967,0.9967,2.0
2022-11-20 13:42:00,0.9967,0.9997,0.9997,0.9967,78.69
2022-11-20 14:24:00,0.9967,0.9997,0.9967,0.9997,80.09
2022-11-20 15:23:00,0.9968,0.9968,0.9968,0.9968,10.19
2022-11-20 15:45:00,0.9997,0.9997,0.9997,0.9997,0.52
2022-11-20 15:48:00,0.9968,0.9997,0.9968,0.9997,2.58
2022-11-20 16:54:00,0.9971,0.9997,0.9997,0.9971,3.12
2022-11-20 17:01:00,0.9964,0.9993,0.9993,0.9964,1154.86
2022-11-20 17:03:00,0.9994,0.9997,0.9994,0.9997,297.9
2022-11-20 17:07:00,0.9997,0.9999,0.9997,0.9999,604.12
2022-11-20 17:10:00,0.9964,0.9996,0.997,0.9996,1197.85
2022-11-20 17:14:00,0.9964,0.9999,0.9998,0.9964,1652.79
2022-11-20 17:20:00,0.9965,0.9972,0.9965,0.9972,2.0
2022-11-20 17:27:00,0.9981,0.9987,0.9981,0.9987,2.0
2022-11-20 17:29:00,0.9989,0.9989,0.9989,0.9989,1.0
2022-11-20 17:31:00,0.9992,0.9992,0.9992,0.9992,2.0
2022-11-20 17:46:00,0.9992,0.9992,0.9992,0.9992,5.0
2022-11-20 18:37:00,0.9991,0.9992,0.9992,0.9992,158.84
2022-11-20 18:52:00,0.9992,0.9999,0.9996,0.9992,495.04
2022-11-20 19:05:00,0.9992,0.9999,0.9992,0.9999,0.56
2022-11-20 19:09:00,0.9992,0.9992,0.9992,0.9992,1.0
2022-11-20 19:38:00,0.9992,0.9999,0.9999,0.9992,10.64
2022-11-20 20:20:00,0.9991,0.9992,0.9992,0.9991,196.14
2022-11-20 20:44:00,0.9992,0.9998,0.9998,0.9992,12.85
2022-11-20 21:24:00,0.9992,0.9992,0.9992,0.9992,6.0
2022-11-20 21:43:00,0.9991,0.9992,0.9992,0.9991,45.1
2022-11-20 21:54:00,0.9991,0.9992,0.9991,0.9992,2.0
2022-11-20 21:59:00,0.9992,0.9992,0.9992,0.9992,4.25
2022-11-20 22:09:00,0.9992,0.9995,0.9995,0.9992,1.54
2022-11-20 22:11:00,0.9992,0.9992,0.9992,0.9992,5.16
2022-11-20 22:16:00,0.9992,0.9992,0.9992,0.9992,1.97
2022-11-20 22:30:00,0.9992,0.9995,0.9992,0.9995,4.99
2022-11-20 23:00:00,0.9992,0.9995,0.9992,0.9995,3.99
2022-11-20 23:29:00,0.9992,0.9993,0.9993,0.9992,13.96
2022-11-21 00:07:00,0.9992,0.9993,0.9992,0.9993,25.58
2022-11-21 00:40:00,0.9993,0.9993,0.9993,0.9993,575.48
2022-11-21 00:57:00,0.9993,0.9993,0.9993,0.9993,32.1
2022-11-21 01:20:00,0.9993,0.9993,0.9993,0.9993,183.79
2022-11-21 02:26:00,0.9993,0.9993,0.9993,0.9993,321.52
2022-11-21 02:49:00,0.9992,0.9993,0.9993,0.9992,316.06
2022-11-21 02:51:00,0.999,0.9992,0.9992,0.999,100.08
2022-11-21 03:13:00,0.9993,0.9993,0.9993,0.9993,5720.0
2022-11-21 03:22:00,0.9993,0.9993,0.9993,0.9993,7.43
2022-11-21 03:23:00,0.9993,0.9993,0.9993,0.9993,205.12
2022-11-21 03:28:00,0.9993,0.9993,0.9993,0.9993,12.58
2022-11-21 03:32:00,0.9993,0.9993,0.9993,0.9993,11.06
2022-11-21 03:34:00,0.9993,0.9993,0.9993,0.9993,76.67
2022-11-21 03:41:00,0.9993,0.9993,0.9993,0.9993,31.71
2022-11-21 03:47:00,0.999,0.999,0.999,0.999,24.02
2022-11-21 04:10:00,0.999,0.999,0.999,0.999,4.0
2022-11-21 04:13:00,0.999,0.999,0.999,0.999,2.0
2022-11-21 04:31:00,0.9964,0.9993,0.9993,0.9964,242.52
2022-11-21 05:33:00,0.9964,0.9964,0.9964,0.9964,241.76
2022-11-21 07:03:00,0.9964,0.9964,0.9964,0.9964,2.1
2022-11-21 08:04:00,0.9964,0.9964,0.9964,0.9964,308.11
2022-11-21 08:07:00,0.9964,0.9993,0.9993,0.9964,2404.26
2022-11-21 08:30:00,0.9964,0.9992,0.9992,0.9964,5.84
2022-11-21 08:51:00,0.9964,0.9964,0.9964,0.9964,1.0
2022-11-21 08:53:00,0.9964,0.9995,0.9964,0.9995,137.99
2022-11-21 08:59:00,0.9994,0.9995,0.9995,0.9994,56.2
2022-11-21 09:37:00,0.9961,0.9967,0.9967,0.9961,5010.08
2022-11-21 09:40:00,0.9958,0.9962,0.9962,0.9958,5000.0
2022-11-21 09:41:00,0.9901,0.9959,0.9959,0.9901,506.97
2022-11-21 10:34:00,0.9995,0.9999,0.9995,0.9999,603.87
2022-11-21 10:52:00,0.9902,0.9903,0.9902,0.9903,7.92
2022-11-21 11:27:00,0.9902,0.9996,0.9902,0.9903,8.91
2022-11-21 11:52:00,0.9902,0.9903,0.9902,0.9902,20.84
2022-11-21 12:47:00,0.9996,0.9999,0.9998,0.9999,1002.0
2022-11-21 12:56:00,0.9906,0.9912,0.9907,0.9909,2478.07
2022-11-21 13:19:00,0.9909,0.9909,0.9909,0.9909,31.24
2022-11-21 13:54:00,0.9909,0.9997,0.9997,0.9909,51.39
2022-11-21 14:30:00,0.9909,0.9909,0.9909,0.9909,0.22
2022-11-21 14:36:00,0.9909,0.9997,0.9909,0.9997,102.63
2022-11-21 15:20:00,0.9995,0.9997,0.9997,0.9995,5.12
2022-11-21 15:50:00,0.9915,0.9995,0.9995,0.9915,56.99
2022-11-21 16:02:00,0.9914,0.9914,0.9914,0.9914,1.02
2022-11-21 16:08:00,0.9914,0.9914,0.9914,0.9914,8.42
2022-11-21 16:22:00,0.9996,0.9997,0.9996,0.9997,49.8
2022-11-21 16:36:00,0.9991,1.0,0.9995,0.9991,25015.78
2022-11-21 17:06:00,0.9999,1.0,0.9999,1.0,20038.48
2022-11-21 17:14:00,1.0,1.0,1.0,1.0,6.89
2022-11-21 17:25:00,0.9991,1.0,0.9991,1.0,8.73
2022-11-21 17:35:00,0.9991,0.9991,0.9991,0.9991,4.04
2022-11-21 18:07:00,0.9989,1.0,0.9991,1.0,50.94
2022-11-21 18:10:00,0.9989,1.0,1.0,0.9989,11.15
2022-11-21 18:17:00,0.9989,0.9989,0.9989,0.9989,11.56
2022-11-21 18:18:00,0.9921,0.9921,0.9921,0.9921,2.06
2022-11-21 18:37:00,0.9922,0.997,0.9922,0.997,1.54
2022-11-21 18:53:00,0.9931,0.997,0.997,0.9931,86.23
2022-11-21 19:08:00,0.9918,0.9965,0.9965,0.9923,307.48
2022-11-21 19:34:00,0.9926,0.993,0.993,0.9927,28.49
2022-11-21 19:35:00,0.9927,0.9936,0.9927,0.9936,10.46
2022-11-21 20:05:00,0.9935,0.9989,0.9935,0.9989,6.85
2022-11-21 20:24:00,0.9935,0.9935,0.9935,0.9935,3.01
2022-11-21 20:43:00,0.9935,0.9935,0.9935,0.9935,8.19
2022-11-21 20:44:00,0.9935,0.9935,0.9935,0.9935,2.05
2022-11-21 20:45:00,0.9935,0.9989,0.9935,0.9989,1.13
2022-11-21 21:14:00,0.9927,0.9935,0.9935,0.9927,42.06
2022-11-21 21:25:00,0.9926,0.9989,0.9989,0.9926,50.8
2022-11-21 21:29:00,0.9927,0.9927,0.9927,0.9927,4.41
2022-11-21 21:41:00,0.994,0.994,0.994,0.994,1.11
2022-11-21 21:56:00,0.994,0.994,0.994,0.994,1.88
2022-11-21 22:14:00,0.9941,0.9999,0.9989,0.9941,65.42
2022-11-21 22:43:00,0.994,0.9999,0.994,0.9999,15.43
2022-11-21 23:11:00,0.9933,0.994,0.994,0.9933,64.93
2022-11-21 23:21:00,0.9994,1.0,0.9996,1.0,10001.06
2022-11-21 23:30:00,0.9999,1.0,0.9999,1.0,10000.01
2022-11-22 00:40:00,1.0,1.0,1.0,1.0,102.68
2022-11-22 00:48:00,0.9999,1.0,1.0,0.9999,46.21
2022-11-22 02:04:00,0.9999,0.9999,0.9999,0.9999,33.53
2022-11-22 04:46:00,0.9995,0.9997,0.9997,0.9995,29.0
2022-11-22 06:11:00,0.9992,0.9995,0.9995,0.9992,36.91
2022-11-22 06:15:00,0.9992,0.9999,0.9992,0.9999,97.64
2022-11-22 06:50:00,0.9992,1.0,0.9992,1.0,2.01
2022-11-22 07:29:00,0.9991,1.0,1.0,0.9991,157.19
2022-11-22 08:21:00,0.9999,1.0,0.9999,1.0,86.73
2022-11-22 08:35:00,0.9991,1.0,1.0,0.9991,539.43
2022-11-22 09:06:00,0.9991,0.9991,0.9991,0.9991,25.95
2022-11-22 09:21:00,0.9991,0.9991,0.9991,0.9991,1.71
2022-11-22 11:06:00,0.9991,1.0,0.9991,1.0,49.7
2022-11-22 11:14:00,0.9926,0.9991,0.9991,0.9926,308.5
2022-11-22 12:07:00,0.9999,0.9999,0.9999,0.9999,0.8
2022-11-22 12:08:00,0.9997,0.9999,0.9999,0.9997,5.19
2022-11-22 13:18:00,0.9923,0.9999,0.9923,0.9999,10.78
2022-11-22 13:19:00,0.9997,0.9999,0.9999,0.9997,2.57
2022-11-22 13:40:00,0.9925,0.9925,0.9925,0.9925,0.15
2022-11-22 13:57:00,0.9927,0.9998,0.9927,0.9998,1.67
2022-11-22 14:18:00,0.9925,0.9997,0.9997,0.9925,17.77
2022-11-22 14:37:00,0.9923,0.9994,0.9923,0.9994,54.05
2022-11-22 15:05:00,0.9945,0.9994,0.9994,0.9945,1.19
2022-11-22 15:11:00,0.9945,0.9994,0.9945,0.9994,1.51
2022-11-22 15:25:00,0.9996,0.9996,0.9996,0.9996,13.35
2022-11-22 15:27:00,0.9931,0.9994,0.9994,0.9931,50.38
2022-11-22 15:45:00,0.993,0.9994,0.9994,0.993,308.76
2022-11-22 15:54:00,0.993,0.9997,0.9934,0.9997,3085.35
2022-11-22 15:57:00,0.9997,0.9997,0.9997,0.9997,2.0
2022-11-22 15:59:00,0.993,0.9932,0.993,0.9931,348.02
2022-11-22 16:29:00,0.9933,0.9997,0.9933,0.9997,0.22
2022-11-22 16:58:00,0.9933,0.9933,0.9933,0.9933,0.99
2022-11-22 17:08:00,0.9933,0.9997,0.9933,0.9997,2.22
2022-11-22 17:33:00,0.9933,0.9997,0.9997,0.9933,16.82
2022-11-22 18:04:00,0.9935,0.9942,0.9935,0.9942,4.22
2022-11-22 18:43:00,0.9938,0.9942,0.9942,0.9938,2.38
2022-11-22 18:45:00,0.9938,0.9997,0.9938,0.9997,7.29
2022-11-22 19:03:00,0.9934,0.9998,0.9998,0.9934,62.52
2022-11-22 20:27:00,0.994,0.9997,0.9995,0.999,113.7
2022-11-22 20:52:00,0.999,1.0,0.999,1.0,996.13
2022-11-22 20:58:00,0.9999,0.9999,0.9999,0.9999,2.26
2022-11-22 21:09:00,0.999,0.9999,0.999,0.9999,2.33
2022-11-22 21:14:00,0.9999,0.9999,0.9999,0.9999,1.27
2022-11-22 21:16:00,0.9999,0.9999,0.9999,0.9999,18.12
2022-11-22 21:52:00,0.995,1.0,0.9999,0.995,61.65
2022-11-23 01:11:00,0.9998,0.9999,0.9998,0.9999,638.34
2022-11-23 02:39:00,0.999,0.999,0.999,0.999,5.26
2022-11-23 03:03:00,0.999,0.999,0.999,0.999,0.11
2022-11-23 03:17:00,0.9998,0.9999,0.9998,0.9999,62.74
2022-11-23 03:19:00,0.9999,0.9999,0.9999,0.9999,17.98
2022-11-23 03:31:00,0.9999,0.9999,0.9999,0.9999,12.53
2022-11-23 04:27:00,0.999,0.999,0.999,0.999,3.0
2022-11-23 04:53:00,0.999,0.9999,0.9998,0.999,624.57
2022-11-23 06:09:00,0.9999,0.9999,0.9999,0.9999,24.58
2022-11-23 07:29:00,0.9976,0.999,0.999,0.9976,98.53
2022-11-23 07:46:00,0.9973,0.9976,0.9976,0.9973,37.28
2022-11-23 07:58:00,0.9988,0.9988,0.9988,0.9988,1.02
2022-11-23 07:59:00,0.9988,0.9989,0.9988,0.9989,154.76
2022-11-23 08:00:00,0.9989,0.9989,0.9989,0.9989,114.77
2022-11-23 08:04:00,0.9989,0.9989,0.9989,0.9989,267.49
2022-11-23 08:05:00,0.9989,0.9989,0.9989,0.9989,533.12
2022-11-23 08:06:00,0.9989,0.9989,0.9989,0.9989,639.2
2022-11-23 08:26:00,0.9989,0.9998,0.9989,0.9998,606.46
2022-11-23 10:16:00,0.9974,0.9994,0.9994,0.9974,3.38
2022-11-23 10:41:00,0.9974,0.9999,0.9998,0.9974,624.31
2022-11-23 11:37:00,0.9999,0.9999,0.9999,0.9999,109.82
2022-11-23 12:25:00,0.9973,0.9974,0.9974,0.9973,103.21
2022-11-23 12:52:00,0.9973,0.9996,0.9996,0.9973,19.8
2022-11-23 13:50:00,0.9974,0.9999,0.9996,0.9974,193.21
2022-11-23 15:20:00,0.9973,0.9974,0.9974,0.9973,65.75
2022-11-23 15:59:00,0.9976,0.9996,0.9976,0.9996,1.26
2022-11-23 16:37:00,0.9976,0.9997,0.9976,0.9997,1.66
2022-11-23 17:04:00,0.9974,0.9976,0.9976,0.9974,44.48
2022-11-23 17:42:00,0.9974,0.9974,0.9974,0.9974,0.65
2022-11-23 18:21:00,0.9974,0.9997,0.9974,0.9997,1.08
2022-11-23 19:13:00,0.9974,0.9997,0.9974,0.9997,1.44
2022-11-23 19:22:00,0.9997,1.0,0.9997,1.0,27999.91
2022-11-23 19:24:00,0.9973,1.0,1.0,0.9973,115.67
2022-11-23 19:38:00,0.9996,1.0,0.9996,1.0,180.33
2022-11-23 20:01:00,0.999,0.999,0.999,0.999,2.95
2022-11-23 20:30:00,0.9942,0.999,0.999,0.9942,1533.87
2022-11-23 20:34:00,0.9942,0.9998,0.9942,0.9998,451.89
2022-11-23 20:49:00,0.9942,0.9998,0.9942,0.9998,1475.34
2022-11-23 20:54:00,0.9941,0.9943,0.9943,0.9941,22999.11
2022-11-23 20:56:00,0.9941,0.9995,0.9942,0.9995,584.1
2022-11-23 20:58:00,0.9995,0.9997,0.9995,0.9997,1.21
2022-11-23 20:59:00,0.9945,0.9945,0.9945,0.9945,24.29
2022-11-23 21:03:00,0.9943,0.9943,0.9943,0.9943,2.6
2022-11-23 21:22:00,0.9942,0.9995,0.9943,0.9995,673.24
2022-11-23 21:38:00,0.9943,0.9996,0.9996,0.9943,9.33
2022-11-23 21:56:00,0.9942,0.9943,0.9943,0.9942,1002.42
2022-11-23 22:42:00,0.9969,0.9993,0.9993,0.9969,7.05
2022-11-23 22:47:00,0.9969,0.997,0.9969,0.997,274.78
2022-11-23 23:08:00,0.997,0.997,0.997,0.997,0.99
2022-11-23 23:10:00,0.9969,0.997,0.997,0.9969,5.97
2022-11-23 23:12:00,0.9969,0.9969,0.9969,0.9969,0.99
2022-11-23 23:13:00,0.9969,0.9969,0.9969,0.9969,49.78
2022-11-23 23:40:00,0.9947,0.997,0.997,0.9947,7366.73
2022-11-24 00:17:00,0.9994,0.9994,0.9994,0.9994,7.71
2022-11-24 00:21:00,0.9946,0.9947,0.9947,0.9946,5.8
2022-11-24 01:03:00,0.9946,0.9994,0.9946,0.9994,19.24
2022-11-24 03:01:00,0.9948,0.9994,0.9994,0.9948,41.52
2022-11-24 03:32:00,0.9949,0.9992,0.995,0.9992,31.05
2022-11-24 04:15:00,0.9947,0.9994,0.9994,0.9947,1.16
2022-11-24 04:27:00,0.9946,0.9994,0.9994,0.9946,76.01
2022-11-24 04:35:00,0.9948,0.9993,0.9948,0.9993,105.83
2022-11-24 04:54:00,0.9946,0.9946,0.9946,0.9946,27.87
2022-11-24 06:23:00,0.9946,0.9946,0.9946,0.9946,26.62
2022-11-24 07:41:00,0.9947,0.9947,0.9947,0.9947,14.39
2022-11-24 11:54:00,0.9947,0.9993,0.9993,0.9947,41.91
2022-11-24 14:19:00,0.9947,0.9947,0.9947,0.9947,29.47
2022-11-24 14:49:00,0.9993,0.9993,0.9993,0.9993,9.35
2022-11-24 15:06:00,0.9947,0.9993,0.9947,0.9993,14.09
2022-11-24 15:28:00,0.9993,0.9993,0.9993,0.9993,0.73
2022-11-24 15:57:00,0.9947,0.9993,0.9947,0.9993,0.22
2022-11-24 16:24:00,0.9947,0.9947,0.9947,0.9947,23.89
2022-11-24 16:35:00,0.9993,0.9993,0.9993,0.9993,3.0
2022-11-24 16:48:00,0.9948,0.9998,0.9993,0.9948,490.42
2022-11-24 17:59:00,0.998,0.998,0.998,0.998,5.11
2022-11-24 18:06:00,0.998,0.998,0.998,0.998,19.8
2022-11-24 18:31:00,0.9947,0.998,0.998,0.9947,5700.62
2022-11-24 19:05:00,0.9951,0.9994,0.9994,0.9951,2.5
2022-11-24 20:49:00,0.9949,0.9994,0.9994,0.9949,520.94
2022-11-24 20:58:00,0.9949,0.9949,0.9949,0.9949,561.06
2022-11-24 21:33:00,0.9949,0.995,0.9949,0.995,0.8
2022-11-24 21:45:00,0.995,0.9996,0.9994,0.995,151.62
2022-11-24 21:48:00,0.9993,0.9994,0.9993,0.9994,9.93
2022-11-24 22:36:00,0.9955,0.9955,0.9955,0.9955,14.4
2022-11-24 22:49:00,0.9952,0.9965,0.9952,0.9965,5.99
2022-11-25 00:11:00,0.9995,0.9995,0.9995,0.9995,0.11
2022-11-25 00:23:00,0.9995,0.9999,0.9995,0.9999,587.28
2022-11-25 02:23:00,0.9965,0.9999,0.9965,0.9999,244.95
2022-11-25 02:32:00,0.9999,0.9999,0.9999,0.9999,486.74
2022-11-25 02:39:00,0.9999,0.9999,0.9999,0.9999,340.66
2022-11-25 02:44:00,0.9999,0.9999,0.9999,0.9999,243.72
2022-11-25 04:39:00,0.9969,0.9998,0.9998,0.9969,16.86
2022-11-25 04:49:00,0.9971,0.9997,0.9971,0.9997,12.59
2022-11-25 05:00:00,0.9998,0.9999,0.9998,0.9999,486.52
2022-11-25 05:10:00,0.9995,0.9999,0.9999,0.9995,71.64
2022-11-25 05:53:00,0.9999,0.9999,0.9999,0.9999,135.68
2022-11-25 05:57:00,0.9995,0.9995,0.9995,0.9995,48.99
2022-11-25 06:27:00,0.9999,0.9999,0.9999,0.9999,99.77
2022-11-25 06:32:00,0.9997,0.9998,0.9998,0.9997,203.22
2022-11-25 09:31:00,0.9997,0.9999,0.9999,0.9997,1.26
2022-11-25 09:56:00,0.9997,0.9999,0.9999,0.9997,19.81
2022-11-25 11:05:00,0.9997,0.9997,0.9997,0.9997,9.34
2022-11-25 12:53:00,0.9999,0.9999,0.9999,0.9999,154.65
2022-11-25 13:05:00,0.9997,0.9997,0.9997,0.9997,2.08
2022-11-25 13:10:00,0.9997,0.9999,0.9999,0.9997,33.02
2022-11-25 14:08:00,0.9999,0.9999,0.9999,0.9999,0.78
2022-11-25 14:09:00,0.9999,0.9999,0.9999,0.9999,0.79
2022-11-25 14:12:00,0.9997,0.9999,0.9999,0.9997,1.08
2022-11-25 15:24:00,0.9998,0.9999,0.9998,0.9999,2.42
2022-11-25 15:30:00,0.9998,0.9998,0.9998,0.9998,2.06
2022-11-25 17:29:00,0.9992,0.9998,0.9998,0.9992,1649.89
2022-11-25 18:06:00,0.9992,0.9992,0.9992,0.9992,0.2
2022-11-25 18:14:00,0.9992,0.9992,0.9992,0.9992,3.19
2022-11-25 18:34:00,0.9992,0.9992,0.9992,0.9992,26.74
2022-11-25 18:50:00,0.9992,0.9992,0.9992,0.9992,25.32
2022-11-25 20:51:00,0.9992,0.9993,0.9993,0.9992,1.22
2022-11-25 20:54:00,0.9992,0.9993,0.9992,0.9993,2.29
2022-11-25 22:19:00,0.9992,0.9993,0.9992,0.9993,7.53
2022-11-25 22:23:00,0.9993,0.9993,0.9993,0.9993,0.99
2022-11-25 22:25:00,0.9993,0.9999,0.9993,0.9999,48.67
2022-11-25 22:26:00,0.9999,0.9999,0.9999,0.9999,0.99
2022-11-25 22:35:00,0.9998,0.9999,0.9999,0.9998,18.12
2022-11-25 22:48:00,0.9999,0.9999,0.9999,0.9999,1.1
2022-11-25 22:54:00,0.9994,0.9999,0.9994,0.9999,2.31
2022-11-25 23:13:00,0.9994,0.9994,0.9994,0.9994,24.6
2022-11-25 23:39:00,0.9979,0.9993,0.9993,0.9985,3009.41
2022-11-26 00:13:00,0.9994,0.9994,0.9994,0.9994,132.95
2022-11-26 00:18:00,0.9986,0.9987,0.9986,0.9987,0.4
2022-11-26 01:03:00,0.9992,0.9993,0.9993,0.9993,72.11
2022-11-26 02:41:00,0.9993,0.9993,0.9993,0.9993,1.02
2022-11-26 03:10:00,0.9993,0.9993,0.9993,0.9993,6.0
2022-11-26 03:26:00,0.9968,0.9993,0.9993,0.9978,4807.14
2022-11-26 04:21:00,0.9978,0.9978,0.9978,0.9978,0.2
2022-11-26 05:25:00,0.9978,0.9978,0.9978,0.9978,0.39
2022-11-26 07:29:00,0.9976,0.9978,0.9978,0.9976,47.51
2022-11-26 08:01:00,0.9993,0.9993,0.9993,0.9993,1.01
2022-11-26 08:02:00,0.9993,0.9993,0.9993,0.9993,2.02
2022-11-26 08:54:00,0.9993,0.9993,0.9993,0.9993,1.04
2022-11-26 09:05:00,0.9993,0.9994,0.9993,0.9994,131.84
2022-11-26 09:12:00,0.9977,0.9977,0.9977,0.9977,0.4
2022-11-26 09:13:00,0.9979,0.9979,0.9979,0.9979,0.6
2022-11-26 09:22:00,0.9977,0.998,0.998,0.9979,20.94
2022-11-26 09:23:00,0.9979,0.9979,0.9979,0.9979,0.25
2022-11-26 09:29:00,0.9979,0.9993,0.9993,0.9979,2.17
2022-11-26 09:40:00,0.9994,0.9994,0.9994,0.9994,2.07
2022-11-26 10:34:00,0.9994,0.9994,0.9994,0.9994,2.99
2022-11-26 12:13:00,0.9977,0.9977,0.9977,0.9977,4.26
2022-11-26 12:17:00,0.9992,0.9994,0.9992,0.9994,11.9
2022-11-26 13:59:00,0.998,0.9994,0.9994,0.998,11.64
2022-11-26 14:27:00,0.9979,0.9998,0.9994,0.9979,394.46
2022-11-26 16:25:00,0.9994,0.9994,0.9994,0.9994,1.81
2022-11-26 16:26:00,0.998,0.9994,0.9994,0.9994,22.74
2022-11-26 16:28:00,0.998,0.9994,0.998,0.9994,2.3
2022-11-26 16:38:00,0.998,0.998,0.998,0.998,12.85
2022-11-26 17:38:00,0.9994,0.9994,0.9994,0.9994,6.6
2022-11-26 17:41:00,0.9994,0.9995,0.9994,0.9995,55.78
2022-11-26 18:33:00,0.9995,0.9995,0.9995,0.9995,20.82
2022-11-26 18:45:00,0.9995,0.9996,0.9995,0.9996,14.62
2022-11-26 18:46:00,0.9994,0.9996,0.9996,0.9994,2.46
2022-11-26 19:42:00,0.9994,0.9994,0.9994,0.9994,12.95
2022-11-26 20:41:00,0.9992,0.9994,0.9994,0.9992,94.79
2022-11-26 21:24:00,0.9988,0.9992,0.9992,0.9988,315.13
2022-11-26 21:37:00,0.9992,0.9995,0.9992,0.9995,11.01
2022-11-26 22:48:00,0.9992,0.9992,0.9992,0.9992,0.5
2022-11-26 23:12:00,0.9992,0.9992,0.9992,0.9992,9.15
2022-11-27 01:23:00,0.9992,0.9992,0.9992,0.9992,1.15
2022-11-27 03:28:00,0.9986,0.9992,0.9992,0.9987,95.72
2022-11-27 06:21:00,0.9994,0.9995,0.9994,0.9995,66.11
2022-11-27 07:44:00,0.9978,0.9995,0.9995,0.9978,536.65
2022-11-27 08:29:00,0.9977,0.998,0.998,0.9977,53.6
2022-11-27 09:07:00,0.9977,0.9977,0.9977,0.9977,4.0
2022-11-27 09:38:00,0.9976,0.9979,0.9979,0.9976,69.17
2022-11-27 10:42:00,0.9977,0.9994,0.9977,0.9994,10.25
2022-11-27 11:24:00,0.9993,0.9994,0.9994,0.9993,43.87
2022-11-27 13:15:00,0.9993,0.9993,0.9993,0.9993,16.27
2022-11-27 13:29:00,0.9979,0.9993,0.9993,0.9979,16.27
2022-11-27 14:10:00,0.9978,0.9993,0.9993,0.9978,7.52
2022-11-27 14:31:00,0.9978,0.9978,0.9978,0.9978,20.21
2022-11-27 15:12:00,0.9978,0.9978,0.9978,0.9978,1.94
2022-11-27 15:17:00,0.9978,0.9979,0.9979,0.9978,214.43
2022-11-27 16:38:00,0.9978,0.9978,0.9978,0.9978,4.69
2022-11-27 16:45:00,0.9991,0.9991,0.9991,0.9991,5.28
2022-11-27 17:18:00,0.9978,0.9991,0.9978,0.9991,0.39
2022-11-27 18:13:00,0.9978,0.9978,0.9978,0.9978,9.29
2022-11-27 18:59:00,0.9991,0.9991,0.9991,0.9991,260.2
2022-11-27 20:19:00,0.9978,0.9991,0.9978,0.9991,1.77
2022-11-27 21:33:00,0.9976,0.999,0.9978,0.999,305.66
2022-11-27 23:48:00,0.9989,0.999,0.9989,0.9989,128.75
2022-11-28 00:06:00,0.9976,0.9976,0.9976,0.9976,98.12
2022-11-28 00:16:00,0.9976,0.9976,0.9976,0.9976,124.1
2022-11-28 00:42:00,0.9974,0.9986,0.9976,0.9986,189.88
2022-11-28 01:47:00,0.9974,0.9974,0.9974,0.9974,7.57
2022-11-28 01:55:00,0.9974,0.9986,0.9974,0.9986,30.83
2022-11-28 02:06:00,0.9974,0.9974,0.9974,0.9974,11.02
2022-11-28 02:30:00,0.9975,0.9986,0.9986,0.9975,29.5
2022-11-28 02:47:00,0.9974,0.9975,0.9975,0.9974,10.21
2022-11-28 02:53:00,0.9974,0.9974,0.9974,0.9974,0.2
2022-11-28 03:02:00,0.9974,0.9974,0.9974,0.9974,48.63
2022-11-28 03:08:00,0.9974,0.9974,0.9974,0.9974,0.4
2022-11-28 03:10:00,0.9974,0.9974,0.9974,0.9974,0.22
2022-11-28 03:28:00,0.9976,0.9989,0.9987,0.9984,470.16
2022-11-28 04:41:00,0.9984,0.999,0.9984,0.999,6440.54
2022-11-28 07:19:00,0.999,0.9991,0.999,0.9991,54.82
2022-11-28 07:44:00,0.9992,0.9992,0.9992,0.9992,3.04
2022-11-28 08:25:00,0.9991,0.9992,0.9991,0.9992,10.06
2022-11-28 09:15:00,0.9991,0.9993,0.9992,0.9991,97.32
2022-11-28 09:20:00,0.9991,0.9993,0.9993,0.9991,0.78
2022-11-28 09:22:00,0.999,0.9994,0.9993,0.999,339.96
2022-11-28 10:07:00,0.9994,0.9995,0.9994,0.9995,292.13
2022-11-28 10:43:00,0.9995,0.9995,0.9995,0.9995,20.62
2022-11-28 11:04:00,0.9995,0.9995,0.9995,0.9995,3.96
2022-11-28 11:29:00,0.9991,0.9998,0.9995,0.9991,3381.6
2022-11-28 12:34:00,0.9991,0.9997,0.9991,0.9997,22.41
2022-11-28 13:57:00,0.9991,0.9991,0.9991,0.9991,3.41
2022-11-28 16:57:00,0.9991,0.9997,0.9997,0.9991,5.58
2022-11-28 17:06:00,0.9997,0.9997,0.9997,0.9997,3.3
2022-11-28 18:42:00,0.9984,0.9991,0.9991,0.9984,3948.32
2022-11-28 19:54:00,0.9954,0.9984,0.9984,0.9956,6938.6
2022-11-28 20:18:00,0.9933,0.9957,0.9956,0.9933,15949.75
2022-11-28 20:37:00,0.9934,0.9986,0.9986,0.9934,11.11
2022-11-28 21:01:00,0.9933,0.9933,0.9933,0.9933,93.45
2022-11-28 21:10:00,0.9933,0.9987,0.9933,0.9987,1.31
2022-11-28 21:58:00,0.9936,0.9937,0.9936,0.9937,63.72
2022-11-28 22:12:00,0.9935,0.9936,0.9936,0.9935,247.19
2022-11-28 22:18:00,0.9934,0.9935,0.9935,0.9934,307.38
2022-11-28 22:25:00,0.9933,0.9934,0.9934,0.9933,213.99
2022-11-28 23:01:00,0.9933,0.9933,0.9933,0.9933,75.86
2022-11-28 23:19:00,0.9934,0.9983,0.9934,0.9983,25.37
2022-11-28 23:43:00,0.9983,0.9983,0.9983,0.9983,241.18
2022-11-28 23:58:00,0.997,0.9982,0.9982,0.997,4.04
2022-11-29 00:09:00,0.997,0.9984,0.997,0.9984,23.32
2022-11-29 00:11:00,0.9984,0.9984,0.9984,0.9984,75.93
2022-11-29 00:14:00,0.9984,0.9985,0.9984,0.9985,31.71
2022-11-29 01:37:00,0.997,0.9985,0.9985,0.997,3.43
2022-11-29 02:19:00,0.996,0.9984,0.997,0.9984,36.25
2022-11-29 02:38:00,0.9962,0.9985,0.9962,0.9985,1.19
2022-11-29 04:22:00,0.9935,0.9984,0.996,0.9984,98.73
2022-11-29 05:22:00,0.9965,0.9985,0.9984,0.9965,73.31
2022-11-29 05:29:00,0.9965,0.9965,0.9965,0.9965,0.22
2022-11-29 05:32:00,0.9965,0.9965,0.9965,0.9965,0.33
2022-11-29 06:26:00,0.9933,0.9965,0.9965,0.9933,181.26
2022-11-29 07:30:00,0.9933,0.9981,0.9981,0.9933,1.05
2022-11-29 08:38:00,0.9933,0.9933,0.9933,0.9933,0.22
2022-11-29 09:35:00,0.9982,0.9986,0.9982,0.9986,163.16
2022-11-29 10:16:00,0.9934,0.9937,0.9934,0.9936,21.18
2022-11-29 11:50:00,0.9929,0.9986,0.9986,0.9929,2897.08
2022-11-29 12:59:00,0.9986,0.9986,0.9986,0.9986,1.49
2022-11-29 13:29:00,0.9929,0.9929,0.9929,0.9929,0.76
2022-11-29 14:54:00,0.9934,0.9985,0.995,0.9985,110.24
2022-11-29 15:43:00,0.9936,0.9983,0.9983,0.9936,4.46
2022-11-29 15:46:00,0.9931,0.9936,0.9936,0.9931,157.87
2022-11-29 17:41:00,0.994,0.996,0.996,0.994,56.02
2022-11-29 19:03:00,0.9931,0.994,0.994,0.9931,235.0
2022-11-29 19:52:00,0.9981,0.9981,0.9981,0.9981,1.01
2022-11-29 20:14:00,0.9933,0.9981,0.9933,0.9981,8.13
2022-11-29 21:07:00,0.9933,0.9982,0.9933,0.9982,58.64
2022-11-29 21:32:00,0.9933,0.9982,0.9933,0.9982,2.0
2022-11-29 21:42:00,0.9933,0.9983,0.9982,0.9933,28.69
2022-11-29 21:56:00,0.9933,0.9983,0.9983,0.9933,4.2
2022-11-29 22:54:00,0.9934,0.9982,0.9934,0.9982,5.2
2022-11-29 23:32:00,0.9933,0.996,0.9933,0.996,25.17
2022-11-30 00:01:00,0.996,0.996,0.996,0.996,51.48
2022-11-30 00:03:00,0.9959,0.9959,0.9959,0.9959,25.0
2022-11-30 00:04:00,0.9948,0.9958,0.9958,0.9948,60.05
2022-11-30 00:05:00,0.9948,0.9948,0.9948,0.9948,59.14
2022-11-30 00:09:00,0.9948,0.9948,0.9948,0.9948,28.31
2022-11-30 00:10:00,0.9948,0.9949,0.9948,0.9948,152.5
2022-11-30 00:19:00,0.9948,0.9948,0.9948,0.9948,74.86
2022-11-30 00:20:00,0.9948,0.9948,0.9948,0.9948,13.95
2022-11-30 00:23:00,0.9948,0.9948,0.9948,0.9948,47.69
2022-11-30 00:24:00,0.9948,0.9948,0.9948,0.9948,22.11
2022-11-30 00:40:00,0.9947,0.9947,0.9947,0.9947,25.0
2022-11-30 00:56:00,0.9945,0.998,0.998,0.9945,4.48
2022-11-30 01:43:00,0.9945,0.9945,0.9945,0.9945,2.83
2022-11-30 02:23:00,0.9937,0.9979,0.9979,0.9937,44.98
2022-11-30 03:07:00,0.9935,0.9937,0.9937,0.9935,34.67
2022-11-30 03:55:00,0.9935,0.9935,0.9935,0.9935,0.41
2022-11-30 03:57:00,0.9935,0.9935,0.9935,0.9935,1.02
2022-11-30 04:29:00,0.9935,0.9978,0.9978,0.9935,40.11
2022-11-30 06:01:00,0.9977,0.9977,0.9977,0.9977,4.09
2022-11-30 07:13:00,0.9949,0.9951,0.9951,0.9949,63.14
2022-11-30 09:18:00,0.9949,0.9967,0.9949,0.9967,14.89
2022-11-30 10:15:00,0.9948,0.9948,0.9948,0.9948,6.98
2022-11-30 10:28:00,0.9937,0.9948,0.9948,0.9937,95.14
2022-11-30 10:40:00,0.9931,0.9941,0.9941,0.9931,3509.76
2022-11-30 11:11:00,0.9967,0.9979,0.9967,0.9979,100.05
2022-11-30 11:12:00,0.9931,0.9931,0.9931,0.9931,40.46
2022-11-30 11:14:00,0.9931,0.9931,0.9931,0.9931,9.34
2022-11-30 11:15:00,0.9931,0.9931,0.9931,0.9931,1.04
2022-11-30 11:16:00,0.9931,0.9931,0.9931,0.9931,2.08
2022-11-30 11:17:00,0.9931,0.9931,0.9931,0.9931,4.14
2022-11-30 11:18:00,0.9931,0.9978,0.9931,0.9978,102.65
2022-11-30 11:33:00,0.9978,0.9978,0.9978,0.9978,1.01
2022-11-30 11:34:00,0.9932,0.9977,0.9932,0.9977,3.01
2022-11-30 12:17:00,0.9979,0.9979,0.9979,0.9979,8.42
2022-11-30 12:36:00,0.9932,0.9984,0.9979,0.9932,223.1
2022-11-30 12:49:00,0.9983,0.9983,0.9983,0.9983,7.69
2022-11-30 14:55:00,0.9933,0.9981,0.9933,0.9981,1.2
2022-11-30 15:04:00,0.9933,0.9951,0.995,0.9933,151.74
2022-11-30 15:30:00,0.9933,0.9983,0.9981,0.9933,98.86
2022-11-30 15:40:00,0.9933,0.9933,0.9933,0.9933,1.03
2022-11-30 15:41:00,0.9933,0.9933,0.9933,0.9933,4.13
2022-11-30 15:43:00,0.9934,0.9983,0.9934,0.9983,2.08
2022-11-30 16:25:00,0.9933,0.9983,0.9933,0.9983,4.95
2022-11-30 17:08:00,0.9934,0.9983,0.9983,0.9934,39.76
2022-11-30 19:20:00,0.9932,0.9935,0.9935,0.9932,300.76
2022-11-30 19:59:00,0.9934,0.9936,0.9935,0.9936,1125.33
2022-11-30 20:12:00,0.995,0.9992,0.9978,0.995,1000.72
2022-11-30 20:17:00,0.9952,0.9961,0.9952,0.9952,259.67
2022-11-30 20:18:00,0.9952,0.999,0.9953,0.999,114.09
2022-11-30 20:33:00,0.999,0.999,0.999,0.999,1.99
2022-11-30 20:49:00,0.9954,0.999,0.999,0.9954,13.22
2022-11-30 21:13:00,0.9979,0.998,0.9979,0.998,8665.03
2022-11-30 21:15:00,0.9969,0.9971,0.997,0.9971,8873.53
2022-11-30 21:23:00,0.9971,0.9974,0.9971,0.9972,6029.64
2022-11-30 21:29:00,0.9974,0.9974,0.9974,0.9974,6028.33
2022-11-30 21:36:00,0.9975,0.9986,0.9975,0.9986,6036.73
2022-11-30 21:39:00,0.9974,0.9976,0.9975,0.9975,6381.26
2022-11-30 21:41:00,0.9974,0.9986,0.9986,0.9974,103.59
2022-11-30 22:23:00,0.9986,0.9986,0.9986,0.9986,9.5
2022-11-30 22:32:00,0.9974,0.9974,0.9974,0.9974,114.05
2022-11-30 22:51:00,0.9974,0.9987,0.9974,0.9987,25.19
2022-11-30 23:09:00,0.9974,0.9987,0.9987,0.9974,107.39
2022-11-30 23:44:00,0.9985,0.9987,0.9985,0.9987,1.33
2022-11-30 23:46:00,0.9973,0.9973,0.9973,0.9973,49.99
2022-12-01 00:27:00,0.9947,0.9973,0.9973,0.9947,751.89
2022-12-01 01:12:00,0.9948,0.998,0.9948,0.998,99.81
2022-12-01 01:56:00,0.9948,0.998,0.9948,0.998,7.01
2022-12-01 02:21:00,0.9961,0.9963,0.9962,0.9962,14186.5
2022-12-01 02:24:00,0.9949,0.9955,0.9955,0.9949,7141.93
2022-12-01 03:34:00,0.9951,0.9951,0.9951,0.9951,3.06
2022-12-01 04:07:00,0.9951,0.9952,0.9952,0.9951,100.54
2022-12-01 04:37:00,0.9951,0.9951,0.9951,0.9951,5.1
2022-12-01 05:00:00,0.9952,0.9952,0.9952,0.9952,1502.79
2022-12-01 05:34:00,0.9952,0.9952,0.9952,0.9952,751.48
2022-12-01 05:52:00,0.9952,0.9952,0.9952,0.9952,352.07
2022-12-01 06:07:00,0.9952,0.9982,0.9981,0.9952,59.97
2022-12-01 06:39:00,0.9955,0.9976,0.9955,0.9976,3.4
2022-12-01 08:31:00,0.9982,0.9982,0.9982,0.9982,2.04
2022-12-01 10:12:00,0.9982,0.9982,0.9982,0.9982,1.02
2022-12-01 10:59:00,0.9976,0.9976,0.9976,0.9976,723.3
2022-12-01 13:33:00,0.9976,0.9976,0.9976,0.9976,16.44
2022-12-01 13:51:00,0.9982,0.9982,0.9982,0.9982,5.9
2022-12-01 14:41:00,0.9977,0.9982,0.9982,0.9977,14.78
2022-12-01 14:50:00,0.9976,0.9977,0.9977,0.9976,10.14
2022-12-01 15:30:00,0.9976,0.9976,0.9976,0.9976,288.12
2022-12-01 15:36:00,0.995,0.998,0.9976,0.998,551.45
2022-12-01 17:26:00,0.9951,0.9978,0.9978,0.9951,19.97
2022-12-01 18:40:00,0.9951,0.9978,0.9951,0.9951,17.68
2022-12-01 18:42:00,0.9952,0.9952,0.9952,0.9952,3.16
2022-12-01 18:57:00,0.9978,0.9978,0.9978,0.9978,38.61
2022-12-01 19:53:00,0.9953,0.9953,0.9953,0.9953,11.11
2022-12-01 20:01:00,0.9953,0.9979,0.9953,0.9979,19.96
2022-12-01 21:24:00,0.9953,0.9981,0.9965,0.9981,122635.25
2022-12-01 21:41:00,0.9955,0.9971,0.9971,0.9955,130.31
2022-12-01 22:33:00,0.9971,0.9977,0.9971,0.9977,0.72
2022-12-01 22:34:00,0.9955,0.9956,0.9955,0.9956,2.83
2022-12-01 23:54:00,0.998,0.9981,0.998,0.9981,13.46
2022-12-02 00:13:00,0.9965,0.9981,0.9965,0.9981,12.38
2022-12-02 00:35:00,0.9965,0.9995,0.9965,0.9995,218.7
2022-12-02 01:27:00,0.9982,0.9983,0.9982,0.9982,29.3
2022-12-02 02:03:00,0.9976,0.9983,0.9983,0.9976,1001.76
2022-12-02 02:18:00,0.9968,0.9976,0.9976,0.9969,500.47
2022-12-02 02:27:00,0.9969,0.9982,0.9969,0.9982,283.35
2022-12-02 02:46:00,0.9982,0.999,0.9982,0.999,179.98
2022-12-02 03:17:00,0.9981,0.9981,0.9981,0.9981,21.04
2022-12-02 03:25:00,0.9981,0.9981,0.9981,0.9981,36.29
2022-12-02 03:49:00,0.9981,0.9982,0.9982,0.9981,500.44
2022-12-02 06:16:00,0.9981,0.9986,0.9981,0.9986,6.26
2022-12-02 07:46:00,0.9981,0.9982,0.9982,0.9981,2.8
2022-12-02 08:59:00,0.9986,0.9986,0.9986,0.9986,9.46
2022-12-02 10:11:00,0.9981,0.9981,0.9981,0.9981,101.94
2022-12-02 13:13:00,0.9981,0.9981,0.9981,0.9981,46.82
2022-12-02 13:29:00,0.9981,0.9981,0.9981,0.9981,1.47
2022-12-02 14:44:00,0.9981,0.9986,0.9986,0.9981,10.57
2022-12-02 16:48:00,0.9981,0.9984,0.9981,0.9984,13.32
2022-12-02 17:52:00,0.9984,0.9986,0.9984,0.9986,56.32
2022-12-02 18:11:00,0.9986,0.9986,0.9986,0.9986,0.12
2022-12-02 18:16:00,0.9984,0.9984,0.9984,0.9984,28.97
2022-12-02 19:11:00,0.9984,0.9984,0.9984,0.9984,56.0
2022-12-02 19:36:00,0.9984,0.9987,0.9986,0.9984,459.63
2022-12-02 20:21:00,0.9984,0.9984,0.9984,0.9984,8.75
2022-12-02 22:04:00,0.9984,0.9984,0.9984,0.9984,3.23
2022-12-02 23:26:00,0.9984,0.9984,0.9984,0.9984,1.32
2022-12-03 00:07:00,0.9984,0.9984,0.9984,0.9984,99.51
2022-12-03 00:19:00,0.9984,0.9984,0.9984,0.9984,5.96
2022-12-03 00:56:00,0.9984,0.9984,0.9984,0.9984,6.0
2022-12-03 00:57:00,0.9984,0.9984,0.9984,0.9984,3.0
2022-12-03 00:58:00,0.9984,0.9984,0.9984,0.9984,253.35
2022-12-03 01:26:00,0.9984,0.9986,0.9986,0.9984,105.73
2022-12-03 02:01:00,0.9986,0.9986,0.9986,0.9986,4.4
2022-12-03 02:14:00,0.9984,0.9986,0.9986,0.9984,69.73
2022-12-03 03:09:00,0.9984,0.9984,0.9984,0.9984,100.14
2022-12-03 03:21:00,0.9984,0.9984,0.9984,0.9984,191.57
2022-12-03 04:25:00,0.9986,0.9986,0.9986,0.9986,1.1
2022-12-03 04:26:00,0.9986,0.9986,0.9986,0.9986,79.44
2022-12-03 07:31:00,0.9986,0.9986,0.9986,0.9986,6.98
2022-12-03 08:01:00,0.9986,0.9986,0.9986,0.9986,4.82
2022-12-03 08:31:00,0.9983,0.9986,0.9986,0.9983,4204.66
2022-12-03 08:47:00,0.9983,0.9986,0.9986,0.9983,2.01
2022-12-03 09:02:00,0.9986,0.9986,0.9986,0.9986,3.16
2022-12-03 09:32:00,0.9986,0.9986,0.9986,0.9986,2.56
2022-12-03 10:03:00,0.9983,0.9984,0.9984,0.9983,166.58
2022-12-03 11:31:00,0.9986,0.9986,0.9986,0.9986,1.2
2022-12-03 11:39:00,0.9984,0.9986,0.9986,0.9984,86.15
2022-12-03 13:14:00,0.9984,0.9986,0.9986,0.9984,0.64
2022-12-03 14:15:00,0.9983,0.9984,0.9984,0.9983,316.75
2022-12-03 14:35:00,0.9983,0.9986,0.9983,0.9986,2364.1
2022-12-03 16:54:00,0.9983,0.9983,0.9983,0.9983,1.12
2022-12-03 17:05:00,0.9986,0.9986,0.9986,0.9986,0.38
2022-12-03 17:52:00,0.9984,0.9984,0.9984,0.9984,1.68
2022-12-03 18:03:00,0.9984,0.9984,0.9984,0.9984,1.06
2022-12-03 18:27:00,0.9984,0.9986,0.9986,0.9984,1.12
2022-12-03 19:04:00,0.9984,0.9986,0.9984,0.9986,120.3
2022-12-03 20:20:00,0.9928,0.9984,0.9984,0.9928,10787.12
2022-12-03 21:52:00,0.9951,0.999,0.9984,0.9951,708.43
2022-12-03 22:12:00,0.999,0.9994,0.999,0.9994,807.14
2022-12-03 22:13:00,0.9993,0.9995,0.9993,0.9995,3880.93
2022-12-03 23:29:00,0.9981,0.9995,0.9995,0.9981,227.01
2022-12-04 00:19:00,0.998,0.9982,0.9982,0.998,78.92
2022-12-04 01:45:00,0.998,0.998,0.998,0.998,20.76
2022-12-04 02:55:00,0.9994,0.9994,0.9994,0.9994,93.75
2022-12-04 07:21:00,0.9957,0.998,0.998,0.9957,301.05
2022-12-04 09:06:00,0.9958,0.9966,0.9966,0.9958,730.01
2022-12-04 13:11:00,0.9958,0.9958,0.9958,0.9958,3.79
2022-12-04 14:33:00,0.9992,0.9992,0.9992,0.9992,1.24
2022-12-04 15:14:00,0.9981,0.9992,0.9981,0.9992,0.21
2022-12-04 17:16:00,0.9983,0.9985,0.9983,0.9985,1.16
2022-12-04 18:21:00,0.9985,0.9985,0.9985,0.9985,12.04
2022-12-04 19:24:00,0.9991,0.9992,0.9991,0.9992,97.63
2022-12-04 20:06:00,0.9992,0.9992,0.9992,0.9992,3.09
2022-12-04 20:26:00,0.9986,0.9992,0.9986,0.9992,1.01
2022-12-04 21:32:00,0.9986,0.9992,0.9986,0.9992,0.26
2022-12-04 22:08:00,0.9987,0.9991,0.9987,0.9991,0.97
2022-12-04 23:06:00,0.9991,0.9995,0.9992,0.9991,388.99
2022-12-05 01:11:00,0.9991,0.9995,0.9991,0.9995,100.52
2022-12-05 01:35:00,0.9991,0.9991,0.9991,0.9991,60.03
2022-12-05 01:46:00,0.9995,0.9995,0.9995,0.9995,0.22
2022-12-05 02:33:00,0.9991,0.9995,0.9991,0.9995,59.73
2022-12-05 05:02:00,0.9992,0.9995,0.9995,0.9992,37.62
2022-12-05 05:20:00,0.9995,0.9998,0.9995,0.9998,32174.73
2022-12-05 05:22:00,0.9999,0.9999,0.9999,0.9999,48181.18
2022-12-05 05:37:00,0.9998,0.9998,0.9998,0.9998,300.0
2022-12-05 05:42:00,0.9997,0.9999,0.9999,0.9997,30370.99
2022-12-05 05:43:00,0.9992,0.9993,0.9992,0.9992,211.72
2022-12-05 05:59:00,0.9991,0.9992,0.9992,0.9991,211.7
2022-12-05 06:02:00,0.999,0.9997,0.9991,0.999,4265.1
2022-12-05 08:40:00,0.9995,0.9995,0.9995,0.9995,3.09
2022-12-05 10:02:00,0.999,0.9992,0.9992,0.999,250.65
2022-12-05 10:19:00,0.9995,0.9995,0.9995,0.9995,1.7
2022-12-05 10:23:00,0.9991,0.9995,0.9991,0.9995,3.02
2022-12-05 12:28:00,0.9995,0.9995,0.9995,0.9995,2.12
2022-12-05 12:42:00,0.9995,0.9995,0.9995,0.9995,1.19
2022-12-05 14:36:00,0.9994,0.9994,0.9994,0.9994,1.54
2022-12-05 14:50:00,0.9994,0.9995,0.9995,0.9994,0.31
2022-12-05 15:14:00,0.9994,0.9995,0.9995,0.9994,1.1
2022-12-05 15:36:00,0.9994,0.9995,0.9994,0.9995,49.96
2022-12-05 16:56:00,0.9995,0.9995,0.9995,0.9995,1.11
2022-12-05 17:29:00,0.9995,0.9995,0.9995,0.9995,20.04
2022-12-05 18:12:00,0.9995,0.9995,0.9995,0.9995,145.91
2022-12-05 18:39:00,0.9995,0.9995,0.9995,0.9995,2239.51
2022-12-05 19:22:00,0.9995,0.9996,0.9996,0.9995,11.69
2022-12-05 19:24:00,0.9995,0.9995,0.9995,0.9995,4.05
2022-12-05 19:53:00,0.9995,0.9995,0.9995,0.9995,6.58
2022-12-05 20:13:00,0.9996,0.9998,0.9996,0.9997,485.52
2022-12-05 23:06:00,0.9997,0.9997,0.9997,0.9997,0.24
2022-12-05 23:22:00,0.9997,0.9998,0.9998,0.9997,20.48
2022-12-05 23:38:00,0.9997,0.9997,0.9997,0.9997,0.12
2022-12-05 23:43:00,0.9998,0.9998,0.9998,0.9998,318.14
2022-12-06 00:48:00,0.9998,0.9998,0.9998,0.9998,7.98
2022-12-06 01:36:00,0.9997,0.9998,0.9997,0.9998,160.0
2022-12-06 03:12:00,0.9995,0.9997,0.9997,0.9995,485.91
2022-12-06 03:44:00,0.9997,0.9997,0.9997,0.9997,62.68
2022-12-06 04:39:00,0.9997,0.9997,0.9997,0.9997,81.33
2022-12-06 06:17:00,0.9997,0.9997,0.9997,0.9997,99.41
2022-12-06 10:30:00,0.9996,0.9997,0.9997,0.9996,27.19
2022-12-06 11:29:00,0.9996,0.9996,0.9996,0.9996,3.15
2022-12-06 11:30:00,0.9996,0.9997,0.9996,0.9997,1.17
2022-12-06 13:33:00,0.9996,0.9997,0.9996,0.9997,1.92
2022-12-06 15:18:00,0.9996,0.9997,0.9997,0.9996,17.68
2022-12-06 15:37:00,0.9997,0.9997,0.9997,0.9997,1.76
2022-12-06 16:37:00,0.9997,0.9997,0.9997,0.9997,40.25
2022-12-06 16:48:00,0.9997,0.9997,0.9997,0.9997,2.95
2022-12-06 17:30:00,0.9996,0.9997,0.9997,0.9996,1.54
2022-12-06 18:25:00,0.9996,0.9996,0.9996,0.9996,256.59
2022-12-06 18:33:00,0.9995,0.9997,0.9995,0.9997,2239.55
2022-12-06 18:39:00,0.9995,0.9995,0.9995,0.9995,0.72
2022-12-06 18:45:00,0.9995,0.9997,0.9995,0.9997,3.11
2022-12-06 18:49:00,0.9995,0.9997,0.9997,0.9995,13.7
2022-12-06 19:24:00,0.9997,0.9997,0.9997,0.9997,0.11
2022-12-06 19:38:00,0.9995,0.9997,0.9995,0.9997,1.1
2022-12-06 21:31:00,0.9995,0.9997,0.9995,0.9997,11.33
2022-12-06 21:54:00,0.9997,0.9997,0.9997,0.9997,9.1
2022-12-06 22:01:00,0.9997,0.9997,0.9997,0.9997,3.33
2022-12-06 22:18:00,0.9997,0.9997,0.9997,0.9997,200.37
2022-12-06 22:33:00,0.9996,0.9997,0.9996,0.9997,103.02
2022-12-07 00:09:00,0.9997,0.9997,0.9997,0.9997,105.3
2022-12-07 00:32:00,0.9996,0.9997,0.9996,0.9997,80.54
2022-12-07 00:44:00,0.9996,0.9997,0.9997,0.9996,20.14
2022-12-07 00:54:00,0.9997,0.9997,0.9997,0.9997,2.4
2022-12-07 02:40:00,0.9997,0.9997,0.9997,0.9997,3.98
2022-12-07 03:47:00,0.9996,0.9997,0.9997,0.9997,15.86
2022-12-07 05:22:00,0.9996,0.9997,0.9997,0.9996,49.25
2022-12-07 05:33:00,0.9996,0.9996,0.9996,0.9996,19.0
2022-12-07 06:29:00,0.9996,0.9997,0.9997,0.9996,30.39
2022-12-07 06:40:00,0.9996,0.9996,0.9996,0.9996,4.3
2022-12-07 06:44:00,0.9996,0.9996,0.9996,0.9996,3.18
2022-12-07 06:57:00,0.9996,0.9996,0.9996,0.9996,6.38
2022-12-07 07:10:00,0.9996,0.9997,0.9996,0.9997,12.9
2022-12-07 07:16:00,0.9996,0.9996,0.9996,0.9996,4.38
2022-12-07 07:53:00,0.9996,0.9997,0.9997,0.9996,39.36
2022-12-07 08:01:00,0.9996,0.9996,0.9996,0.9996,10.45
2022-12-07 08:37:00,0.9996,0.9997,0.9997,0.9996,1.16
2022-12-07 09:27:00,0.9996,0.9996,0.9996,0.9996,4.19
2022-12-07 09:48:00,0.9996,0.9997,0.9997,0.9996,6.41
2022-12-07 10:26:00,0.9997,0.9997,0.9997,0.9997,10.09
2022-12-07 11:22:00,0.9996,0.9997,0.9996,0.9997,2.95
2022-12-07 11:58:00,0.9997,0.9997,0.9997,0.9997,72.53
2022-12-07 12:22:00,0.9996,0.9996,0.9996,0.9996,6.3
2022-12-07 12:23:00,0.9996,0.9996,0.9996,0.9996,1.78
2022-12-07 12:31:00,0.9996,0.9996,0.9996,0.9996,6.78
2022-12-07 12:38:00,0.9995,0.9997,0.9996,0.9997,112.06
2022-12-07 13:04:00,0.9997,0.9997,0.9997,0.9997,2.03
2022-12-07 13:08:00,0.9996,0.9997,0.9997,0.9996,17.79
2022-12-07 13:30:00,0.9996,0.9997,0.9997,0.9996,104.05
2022-12-07 13:34:00,0.9996,0.9997,0.9996,0.9997,11.0
2022-12-07 13:44:00,0.9996,0.9996,0.9996,0.9996,1.31
2022-12-07 13:51:00,0.9996,0.9996,0.9996,0.9996,11.0
2022-12-07 14:06:00,0.9996,0.9997,0.9997,0.9996,7.96
2022-12-07 14:26:00,0.9997,0.9997,0.9997,0.9997,35.82
2022-12-07 14:47:00,0.9995,0.9996,0.9996,0.9995,103.66
2022-12-07 14:55:00,0.9995,0.9995,0.9995,0.9995,3.0
2022-12-07 14:59:00,0.9995,0.9995,0.9995,0.9995,1.17
2022-12-07 15:05:00,0.9995,0.9995,0.9995,0.9995,137.77
2022-12-07 15:40:00,0.9995,0.9995,0.9995,0.9995,1.0
2022-12-07 15:47:00,0.9995,0.9995,0.9995,0.9995,0.31
2022-12-07 16:34:00,0.9997,0.9997,0.9997,0.9997,57.09
2022-12-07 17:21:00,0.9996,0.9996,0.9996,0.9996,0.23
2022-12-07 18:40:00,0.9997,0.9997,0.9997,0.9997,12.73
2022-12-07 18:49:00,0.9996,0.9996,0.9996,0.9996,5.0
2022-12-07 18:53:00,0.9996,0.9996,0.9996,0.9996,134.7
2022-12-07 19:24:00,0.9996,0.9997,0.9996,0.9997,2.27
2022-12-07 20:04:00,0.9996,0.9997,0.9997,0.9996,1.61
2022-12-07 20:12:00,0.9996,0.9996,0.9996,0.9996,51.02
2022-12-07 21:38:00,0.9996,0.9997,0.9997,0.9996,19.43
2022-12-07 22:16:00,0.9997,0.9997,0.9997,0.9997,11.1
2022-12-07 23:55:00,0.9997,0.9997,0.9997,0.9997,1.1
2022-12-07 23:56:00,0.9997,0.9997,0.9997,0.9997,13.29
2022-12-08 00:20:00,0.9996,0.9997,0.9997,0.9996,474.5
2022-12-08 02:21:00,0.9996,0.9997,0.9996,0.9997,6.6
2022-12-08 02:26:00,0.9997,0.9997,0.9997,0.9997,55.82
2022-12-08 03:07:00,0.9996,0.9996,0.9996,0.9996,91.48
2022-12-08 05:33:00,0.9996,0.9996,0.9996,0.9996,210.02
2022-12-08 07:18:00,0.9996,0.9997,0.9996,0.9997,4.46
2022-12-08 13:00:00,0.9996,0.9997,0.9996,0.9997,3.24
2022-12-08 13:58:00,0.9996,0.9996,0.9996,0.9996,102.9
2022-12-08 15:59:00,0.9996,0.9996,0.9996,0.9996,5.25
2022-12-08 16:27:00,0.9996,0.9997,0.9996,0.9997,5.73
2022-12-08 16:46:00,0.9996,0.9996,0.9996,0.9996,0.73
2022-12-08 17:15:00,0.9996,0.9997,0.9996,0.9997,218.38
2022-12-08 17:25:00,0.9997,0.9997,0.9997,0.9997,95.71
2022-12-08 17:26:00,0.9996,0.9996,0.9996,0.9996,66.36
2022-12-08 17:28:00,0.9996,0.9996,0.9996,0.9996,60.03
2022-12-08 18:51:00,0.9997,0.9997,0.9997,0.9997,3.23
2022-12-08 19:12:00,0.9997,0.9998,0.9997,0.9998,1067.78
2022-12-08 19:39:00,0.9996,0.9998,0.9996,0.9998,553.08
2022-12-08 19:52:00,0.9996,0.9998,0.9996,0.9998,196.17
2022-12-08 20:17:00,0.9998,0.9998,0.9998,0.9998,119.85
2022-12-08 20:52:00,0.9997,0.9998,0.9997,0.9998,1212.41
2022-12-08 21:12:00,0.9997,0.9997,0.9997,0.9997,68.06
2022-12-08 21:40:00,0.9998,0.9998,0.9998,0.9998,2.19
2022-12-08 22:54:00,0.9997,0.9998,0.9997,0.9998,750.97
2022-12-08 23:05:00,0.9997,0.9998,0.9998,0.9997,18.94
2022-12-08 23:13:00,0.9997,0.9998,0.9997,0.9998,5414.55
2022-12-08 23:41:00,0.9998,0.9999,0.9999,0.9998,5225.71
2022-12-09 00:00:00,0.9996,0.9998,0.9996,0.9998,30.15
2022-12-09 00:45:00,0.9981,0.9998,0.9998,0.9981,17.32
2022-12-09 00:54:00,0.9983,0.9998,0.9998,0.9983,1.1
2022-12-09 01:28:00,0.9983,0.9998,0.9998,0.9983,20.55
2022-12-09 01:45:00,0.9983,0.9997,0.9997,0.9983,33.84
2022-12-09 02:41:00,0.9982,0.9997,0.9983,0.9997,83.15
2022-12-09 03:17:00,0.998,0.9997,0.9997,0.998,137.99
2022-12-09 03:56:00,0.9982,0.9997,0.9997,0.9982,10.77
2022-12-09 05:40:00,0.9996,0.9997,0.9997,0.9996,41.37
2022-12-09 05:52:00,0.9996,0.9996,0.9996,0.9996,3.02
2022-12-09 08:18:00,0.9996,0.9996,0.9996,0.9996,3.68
2022-12-09 11:51:00,0.9997,0.9997,0.9997,0.9997,5.09
2022-12-09 12:03:00,0.9919,0.9997,0.9996,0.9997,20001.03
2022-12-09 12:31:00,0.9996,0.9997,0.9997,0.9997,21.97
2022-12-09 13:21:00,0.9996,0.9996,0.9996,0.9996,5.23
2022-12-09 13:25:00,0.9996,0.9997,0.9996,0.9997,5.24
2022-12-09 14:08:00,0.9924,0.9996,0.9924,0.9996,0.31
2022-12-09 15:51:00,0.9996,0.9997,0.9996,0.9997,22.87
2022-12-09 17:00:00,0.9996,0.9997,0.9997,0.9996,23.04
2022-12-09 17:46:00,0.9996,0.9996,0.9996,0.9996,11.21
2022-12-09 20:21:00,0.9997,0.9997,0.9997,0.9997,3.62
2022-12-09 22:02:00,0.9996,0.9996,0.9996,0.9996,25.57
2022-12-09 23:20:00,0.9996,0.9996,0.9996,0.9996,2.04
2022-12-10 00:45:00,0.9976,0.9996,0.9996,0.9976,111.48
2022-12-10 03:09:00,0.9997,0.9997,0.9997,0.9997,37.84
2022-12-10 03:51:00,0.9985,0.9985,0.9985,0.9985,28.19
2022-12-10 03:59:00,0.9985,0.9997,0.9985,0.9997,275.28
2022-12-10 04:18:00,0.9985,0.9998,0.9997,0.9985,819.49
2022-12-10 04:34:00,0.9985,0.9985,0.9985,0.9985,0.22
2022-12-10 04:36:00,0.9985,0.9985,0.9985,0.9985,4.51
2022-12-10 05:18:00,0.9985,0.9985,0.9985,0.9985,1.5
2022-12-10 05:22:00,0.9985,0.9995,0.9985,0.9995,3.76
2022-12-10 06:28:00,0.9995,0.9995,0.9995,0.9995,15.33
2022-12-10 08:42:00,0.9995,0.9995,0.9995,0.9995,50.72
2022-12-10 09:47:00,0.9998,0.9998,0.9998,0.9998,0.11
2022-12-10 10:10:00,0.9995,0.9998,0.9995,0.9998,39.7
2022-12-10 13:33:00,0.992,0.9995,0.9995,0.992,25000.0
2022-12-10 14:23:00,0.9997,0.9997,0.9997,0.9997,33.88
2022-12-10 15:01:00,0.9965,0.9997,0.9997,0.9965,2.08
2022-12-10 15:13:00,0.9965,0.9966,0.9965,0.9966,4.54
2022-12-10 16:31:00,0.9967,0.9996,0.9996,0.9967,95.04
2022-12-10 17:23:00,0.998,0.998,0.998,0.998,14.93
2022-12-10 17:46:00,0.9995,0.9995,0.9995,0.9995,1.75
2022-12-10 18:17:00,0.9994,0.9995,0.9995,0.9994,0.24
2022-12-10 18:57:00,0.998,0.9996,0.998,0.9996,247.24
2022-12-10 20:22:00,0.998,0.998,0.998,0.998,7.6
2022-12-10 20:32:00,0.998,0.998,0.998,0.998,0.31
2022-12-10 22:34:00,0.9996,0.9996,0.9996,0.9996,9.75
2022-12-10 22:36:00,0.9996,0.9996,0.9996,0.9996,102.53
2022-12-10 22:38:00,0.998,0.9995,0.998,0.9995,102.55
2022-12-11 01:17:00,0.998,0.998,0.998,0.998,4.65
2022-12-11 01:49:00,0.9976,0.998,0.998,0.9976,112.12
2022-12-11 04:31:00,0.9984,0.9985,0.9984,0.9985,4.18
2022-12-11 04:36:00,0.9983,0.9986,0.9983,0.9986,8.72
2022-12-11 07:12:00,0.9982,0.9995,0.9985,0.9982,8.25
2022-12-11 11:07:00,0.9995,0.9995,0.9995,0.9995,25.69
2022-12-11 11:33:00,0.9982,0.9995,0.9995,0.9982,25.17
2022-12-11 12:42:00,0.9982,0.9988,0.9982,0.9988,0.22
2022-12-11 13:32:00,0.9966,0.9982,0.9982,0.9966,768.87
2022-12-11 14:33:00,0.9966,0.9966,0.9966,0.9966,11.29
2022-12-11 14:50:00,0.9966,0.9986,0.9966,0.9986,2.14
2022-12-11 15:01:00,0.9987,0.9988,0.9987,0.9988,3.44
2022-12-11 15:03:00,0.9967,0.9967,0.9967,0.9967,5.24
2022-12-11 15:04:00,0.999,0.9994,0.999,0.9994,28.15
2022-12-11 15:08:00,0.9995,0.9996,0.9995,0.9996,66.45
2022-12-11 16:09:00,0.998,0.9997,0.998,0.9997,505.0
2022-12-11 16:42:00,0.998,0.998,0.998,0.998,0.11
2022-12-11 16:46:00,0.998,0.9997,0.998,0.9997,1.22
2022-12-11 16:56:00,0.998,0.9997,0.9997,0.9996,35.21
2022-12-11 17:03:00,0.9966,0.998,0.998,0.9966,300.4
2022-12-11 17:25:00,0.9966,0.9997,0.9997,0.9966,6.84
2022-12-11 17:28:00,0.9966,0.9967,0.9966,0.9967,100.12
2022-12-11 17:47:00,0.9996,0.9996,0.9996,0.9996,18.09
2022-12-11 17:55:00,0.9992,0.9997,0.9996,0.9992,89.19
2022-12-11 18:43:00,0.9992,0.9997,0.9997,0.9992,3.05
2022-12-11 19:20:00,0.9992,0.9992,0.9992,0.9992,10.48
2022-12-11 22:37:00,0.9992,0.9992,0.9992,0.9992,14.73
2022-12-12 01:17:00,0.9992,0.9997,0.9994,0.9997,109.79
2022-12-12 01:37:00,0.9992,0.9997,0.9997,0.9992,10.73
2022-12-12 02:03:00,0.9997,0.9997,0.9997,0.9997,5.5
2022-12-12 02:04:00,0.9997,0.9997,0.9997,0.9997,9.9
2022-12-12 02:46:00,0.9992,0.9992,0.9992,0.9992,14.03
2022-12-12 03:14:00,0.9992,0.9992,0.9992,0.9992,0.97
2022-12-12 03:45:00,0.999,0.9997,0.9997,0.999,93.14
2022-12-12 05:03:00,0.999,0.9995,0.999,0.9995,5.67
2022-12-12 05:15:00,0.9985,0.999,0.999,0.9985,2.0
2022-12-12 06:05:00,0.9985,0.9995,0.9995,0.9985,13.17
2022-12-12 07:02:00,0.9975,0.9996,0.9995,0.9975,393.88
2022-12-12 07:55:00,0.9969,0.9996,0.9996,0.9969,221.31
2022-12-12 11:01:00,0.9967,0.9969,0.9969,0.9967,211.33
2022-12-12 11:02:00,0.9966,0.9967,0.9967,0.9966,211.33
2022-12-12 11:05:00,0.9966,0.9966,0.9966,0.9966,221.8
2022-12-12 11:59:00,0.9966,0.9966,0.9966,0.9966,5.85
2022-12-12 13:12:00,0.9966,0.9966,0.9966,0.9966,13.84
2022-12-12 13:13:00,0.9966,0.9995,0.9966,0.9995,5.65
2022-12-12 17:29:00,0.9984,0.9984,0.9984,0.9984,13.09
2022-12-12 17:56:00,0.9984,0.9984,0.9984,0.9984,54.47
2022-12-12 19:39:00,0.9984,0.9984,0.9984,0.9984,150.21
2022-12-12 19:51:00,0.9984,0.9995,0.9984,0.9995,51.05
2022-12-12 20:43:00,0.9984,0.9984,0.9984,0.9984,27.53
2022-12-12 20:58:00,0.9995,0.9995,0.9995,0.9995,48.98
2022-12-12 22:15:00,0.9985,0.9985,0.9985,0.9985,21.87
2022-12-12 23:18:00,0.9994,0.9994,0.9994,0.9994,4.1
2022-12-13 01:43:00,0.9988,0.9994,0.9988,0.9994,5.11
2022-12-13 03:02:00,0.9988,0.9988,0.9988,0.9988,15.1
2022-12-13 03:18:00,0.9988,0.9988,0.9988,0.9988,4.17
2022-12-13 06:18:00,0.9983,0.9997,0.9994,0.9983,1694.26
2022-12-13 08:25:00,0.9994,0.9997,0.9997,0.9994,26.34
2022-12-13 09:12:00,0.9994,0.9994,0.9994,0.9994,50.02
2022-12-13 09:36:00,0.9994,0.9997,0.9994,0.9997,0.6
2022-12-13 10:51:00,0.9997,0.9997,0.9997,0.9997,20.17
2022-12-13 11:03:00,0.9994,0.9997,0.9997,0.9994,39.72
2022-12-13 11:22:00,0.9994,0.9994,0.9994,0.9994,11.79
2022-12-13 12:06:00,0.9994,0.9997,0.9997,0.9994,7.26
2022-12-13 12:26:00,0.9989,0.9994,0.9994,0.9989,537.98
2022-12-13 13:30:00,0.9984,0.9995,0.9989,0.9995,536.53
2022-12-13 13:33:00,0.9983,0.9985,0.9985,0.9983,1060.66
2022-12-13 13:40:00,0.9996,0.9997,0.9996,0.9997,300.73
2022-12-13 14:15:00,0.9983,0.9996,0.9984,0.9996,299.69
2022-12-13 14:59:00,0.9984,0.9996,0.9996,0.9984,135.35
2022-12-13 15:19:00,0.9984,0.9995,0.9995,0.9984,0.41
2022-12-13 16:08:00,0.9984,0.9995,0.9984,0.9995,39.37
2022-12-13 16:23:00,0.9984,0.9995,0.9984,0.9995,0.22
2022-12-13 16:52:00,0.9984,0.9984,0.9984,0.9984,14.52
2022-12-13 17:01:00,0.9984,0.9995,0.9984,0.9995,112.68
2022-12-13 17:31:00,0.9985,0.9985,0.9985,0.9985,2.93
2022-12-13 17:34:00,0.992,0.9985,0.9985,0.992,10002.27
2022-12-13 17:35:00,0.992,0.9922,0.9922,0.992,14997.73
2022-12-13 18:22:00,0.997,0.9993,0.997,0.9993,12.21
2022-12-13 19:49:00,0.994,0.997,0.997,0.9951,125.73
2022-12-13 20:31:00,0.9951,0.9993,0.9993,0.9951,0.21
2022-12-13 20:49:00,0.9993,0.9993,0.9993,0.9993,5.1
2022-12-13 21:52:00,0.996,0.9991,0.9991,0.996,38.8
2022-12-13 22:40:00,0.995,0.9994,0.996,0.9994,52.52
2022-12-13 23:40:00,0.9993,0.9994,0.9994,0.9993,0.22
2022-12-14 00:17:00,0.997,0.9989,0.997,0.9989,10.12
2022-12-14 01:11:00,0.9989,0.9989,0.9989,0.9989,10.09
2022-12-14 01:32:00,0.9989,0.9989,0.9989,0.9989,0.63
2022-12-14 01:33:00,0.997,0.997,0.997,0.997,5.25
2022-12-14 01:34:00,0.997,0.9989,0.997,0.9989,0.85
2022-12-14 01:35:00,0.9987,0.9988,0.9988,0.9987,1.94
2022-12-14 02:26:00,0.997,0.9989,0.9989,0.997,0.6
2022-12-14 03:00:00,0.997,0.9989,0.997,0.9989,9.78
2022-12-14 03:08:00,0.9923,0.9987,0.997,0.9987,980.53
2022-12-14 04:18:00,0.9925,0.9985,0.993,0.9985,10000.11
2022-12-14 04:38:00,0.9935,0.9985,0.9935,0.9985,15.49
2022-12-14 06:25:00,0.9986,0.9987,0.9986,0.9987,7.85
2022-12-14 07:48:00,0.997,0.997,0.997,0.997,9.79
2022-12-14 09:34:00,0.997,0.9994,0.997,0.9994,23.36
2022-12-14 10:10:00,0.9994,0.9994,0.9994,0.9994,1.04
2022-12-14 10:58:00,0.997,0.997,0.997,0.997,4.66
2022-12-14 11:15:00,0.996,0.9994,0.9994,0.996,20.53
2022-12-14 14:20:00,0.9955,0.9994,0.9994,0.9955,22.1
2022-12-14 14:48:00,0.995,0.9955,0.9955,0.995,26.14
2022-12-14 15:32:00,0.9945,0.995,0.995,0.9945,100.0
2022-12-14 15:45:00,0.9945,0.9994,0.9945,0.9994,30.03
2022-12-14 16:18:00,0.9945,0.9994,0.9945,0.9994,30.79
2022-12-14 16:34:00,0.9945,0.9994,0.9994,0.9945,3.32
2022-12-14 16:48:00,0.9945,0.9945,0.9945,0.9945,10.15
2022-12-14 17:15:00,0.9945,0.9945,0.9945,0.9945,9.45
2022-12-14 17:46:00,0.9945,0.9994,0.9945,0.9994,9.52
2022-12-14 19:44:00,0.9994,0.9994,0.9994,0.9994,102.03
2022-12-14 19:46:00,0.994,0.9945,0.9945,0.9943,123.4
2022-12-14 19:57:00,0.9941,0.9941,0.9941,0.9941,2.14
2022-12-14 20:30:00,0.997,0.997,0.997,0.997,2.14
2022-12-14 21:59:00,0.997,0.9993,0.997,0.9993,11.87
2022-12-15 00:19:00,0.9993,0.9993,0.9993,0.9993,9.84
2022-12-15 03:08:00,0.997,0.9992,0.9992,0.997,2.45
2022-12-15 03:46:00,0.9992,0.9993,0.9992,0.9993,53.18
2022-12-15 04:46:00,0.9956,0.9993,0.997,0.9993,79.64
2022-12-15 14:13:00,0.9976,0.998,0.998,0.9976,36.96
2022-12-15 14:50:00,0.9944,0.9996,0.9993,0.9944,4744.72
2022-12-15 15:11:00,0.9992,0.9994,0.9992,0.9994,6.51
2022-12-15 15:36:00,0.9903,0.997,0.997,0.9903,1014.43
2022-12-15 16:42:00,0.9905,0.9985,0.9905,0.9985,18.64
2022-12-15 18:14:00,0.9985,0.9994,0.9985,0.9994,37.98
2022-12-15 19:41:00,0.9916,0.9916,0.9916,0.9916,1.02
2022-12-15 21:07:00,0.999,0.9992,0.9992,0.999,52.55
2022-12-15 22:10:00,0.9951,0.9988,0.9951,0.9988,2.34
2022-12-15 22:54:00,0.997,0.9992,0.997,0.9992,13.25
2022-12-15 23:42:00,0.997,0.997,0.997,0.997,1.06
2022-12-16 00:12:00,0.997,0.997,0.997,0.997,0.22
2022-12-16 00:34:00,0.997,0.997,0.997,0.997,0.11
2022-12-16 00:58:00,0.9971,0.9971,0.9971,0.9971,0.27
2022-12-16 01:41:00,0.9971,0.9971,0.9971,0.9971,0.11
2022-12-16 01:44:00,0.9971,0.9971,0.9971,0.9971,0.22
2022-12-16 02:14:00,0.997,0.9971,0.9971,0.997,4.27
2022-12-16 04:56:00,0.997,0.9989,0.997,0.9989,12.04
2022-12-16 06:18:00,0.997,0.9991,0.997,0.9991,4.56
2022-12-16 06:41:00,0.9961,0.9991,0.9991,0.9961,6.83
2022-12-16 07:20:00,0.9961,0.9991,0.9961,0.9991,1.09
2022-12-16 07:36:00,0.996,0.9961,0.9961,0.996,10.72
2022-12-16 09:01:00,0.9907,0.996,0.996,0.9909,1850.14
2022-12-16 09:50:00,0.9913,0.9913,0.9913,0.9913,3.0
2022-12-16 09:57:00,0.9909,0.9909,0.9909,0.9909,1.15
2022-12-16 10:33:00,0.9909,0.9909,0.9909,0.9909,12.7
2022-12-16 10:55:00,0.9911,0.9988,0.9911,0.9988,6.43
2022-12-16 11:51:00,0.9907,0.9988,0.9909,0.9988,36.11
2022-12-16 12:55:00,0.9988,0.9988,0.9988,0.9988,0.61
2022-12-16 12:56:00,0.9934,0.9988,0.9988,0.9934,20.32
2022-12-16 14:44:00,0.9934,0.9934,0.9934,0.9934,0.3
2022-12-16 14:48:00,0.9934,0.9989,0.9989,0.9935,1.65
2022-12-16 14:54:00,0.9935,0.9935,0.9935,0.9935,0.32
2022-12-16 15:41:00,0.9975,0.9995,0.9991,0.9975,934.16
2022-12-16 16:02:00,0.9975,0.9995,0.9975,0.9995,7.26
2022-12-16 16:47:00,0.9995,0.9995,0.9995,0.9995,56.47
2022-12-16 16:49:00,0.9994,0.9994,0.9994,0.9994,52.64
2022-12-16 16:50:00,0.9994,0.9994,0.9994,0.9994,49.58
2022-12-16 16:52:00,0.9994,0.9994,0.9994,0.9994,46.72
2022-12-16 16:53:00,0.9994,0.9994,0.9994,0.9994,23.4
2022-12-16 16:54:00,0.9994,0.9994,0.9994,0.9994,45.73
2022-12-16 16:55:00,0.9994,0.9995,0.9994,0.9995,46.75
2022-12-16 16:58:00,0.997,0.9992,0.9976,0.9992,329.41
2022-12-16 18:14:00,0.9988,0.999,0.999,0.9988,2.2
2022-12-16 18:16:00,0.9988,0.999,0.9988,0.999,142.07
2022-12-16 18:26:00,0.9975,0.9989,0.9989,0.9975,10.18
2022-12-16 18:34:00,0.9988,0.999,0.9989,0.9988,19.91
2022-12-16 18:53:00,0.9967,0.9975,0.9975,0.9967,770.62
2022-12-16 18:57:00,0.9967,0.9967,0.9967,0.9967,164.64
2022-12-16 19:06:00,0.999,0.999,0.999,0.999,2.77
2022-12-16 19:14:00,0.997,0.9989,0.9989,0.997,9.53
2022-12-16 19:15:00,0.997,0.9972,0.997,0.9971,8.4
2022-12-16 19:21:00,0.9968,0.9987,0.9987,0.9968,1.96
2022-12-16 19:31:00,0.998,0.9986,0.998,0.9986,0.6
2022-12-16 19:32:00,0.9968,0.9968,0.9968,0.9968,0.23
2022-12-16 19:34:00,0.9968,0.9986,0.9986,0.9968,9.09
2022-12-16 19:52:00,0.9987,0.999,0.9987,0.999,3.09
2022-12-16 20:12:00,0.9967,0.9988,0.9988,0.9967,10.33
2022-12-16 20:15:00,0.9974,0.9974,0.9974,0.9974,0.45
2022-12-16 20:23:00,0.9985,0.9988,0.9988,0.9985,0.21
2022-12-16 20:52:00,0.9967,0.9967,0.9967,0.9967,50.57
2022-12-16 21:20:00,0.9967,0.9969,0.9969,0.9967,100.14
2022-12-16 22:15:00,0.999,0.999,0.999,0.999,52.51
2022-12-16 22:35:00,0.9968,0.9969,0.9969,0.9968,13.99
2022-12-16 22:48:00,0.9968,0.9968,0.9968,0.9968,2.78
2022-12-16 22:53:00,0.9969,0.9969,0.9969,0.9969,2.0
2022-12-16 23:05:00,0.9968,0.9995,0.9968,0.9995,956.11
2022-12-16 23:16:00,0.9967,0.9969,0.9969,0.9967,357.1
2022-12-16 23:34:00,0.9968,0.9994,0.9968,0.9994,6.53
2022-12-16 23:39:00,0.9967,0.9994,0.9967,0.9971,39.02
2022-12-16 23:46:00,0.9988,0.999,0.999,0.9988,107.67
2022-12-16 23:56:00,0.9988,0.9994,0.9988,0.9994,32.85
2022-12-17 00:07:00,0.999,0.9994,0.9994,0.9991,68.17
2022-12-17 00:08:00,0.9994,0.9994,0.9994,0.9994,39.8
2022-12-17 00:09:00,0.9994,0.9994,0.9994,0.9994,19.42
2022-12-17 00:10:00,0.9994,0.9995,0.9994,0.9995,23.63
2022-12-17 00:12:00,0.9995,0.9995,0.9995,0.9995,8.87
2022-12-17 00:17:00,0.9973,0.9976,0.9976,0.9973,29.87
2022-12-17 00:21:00,0.9974,0.9976,0.9974,0.9976,4.88
2022-12-17 00:26:00,0.9994,0.9995,0.9994,0.9995,47.47
2022-12-17 00:38:00,0.9995,0.9995,0.9995,0.9995,5.15
2022-12-17 00:48:00,0.9973,0.9995,0.9973,0.9995,1.17
2022-12-17 01:28:00,0.9968,0.9973,0.9973,0.9968,107.16
2022-12-17 01:31:00,0.9968,0.9994,0.9968,0.9994,3.62
2022-12-17 01:56:00,0.998,0.9994,0.998,0.9994,2.7
2022-12-17 02:04:00,0.998,0.9994,0.9994,0.998,67.25
2022-12-17 02:15:00,0.9979,0.998,0.998,0.998,79.88
2022-12-17 02:20:00,0.998,0.998,0.998,0.998,75.06
2022-12-17 02:22:00,0.998,0.998,0.998,0.998,60.03
2022-12-17 02:45:00,0.998,0.998,0.998,0.998,50.03
2022-12-17 02:46:00,0.998,0.9992,0.998,0.9992,37.09
2022-12-17 03:01:00,0.998,0.9981,0.998,0.998,132.47
2022-12-17 04:20:00,0.998,0.9993,0.9992,0.998,316.62
2022-12-17 05:13:00,0.9993,0.9993,0.9993,0.9993,21.75
2022-12-17 06:30:00,0.9979,0.998,0.998,0.9979,146.25
2022-12-17 07:27:00,0.9992,0.9992,0.9992,0.9992,3.55
2022-12-17 07:29:00,0.998,0.9992,0.998,0.9992,8.6
2022-12-17 08:00:00,0.9967,0.998,0.998,0.9967,335.7
2022-12-17 08:19:00,0.9968,0.9969,0.9969,0.9968,150.15
2022-12-17 08:34:00,0.997,0.9992,0.997,0.9992,4.47
2022-12-17 08:58:00,0.9974,0.9992,0.9974,0.9992,33.01
2022-12-17 09:49:00,0.9975,0.9992,0.9992,0.9975,32.89
2022-12-17 09:52:00,0.9987,0.999,0.999,0.9987,7.67
2022-12-17 10:12:00,0.9974,0.9987,0.9974,0.9987,175.42
2022-12-17 10:35:00,0.9974,0.999,0.999,0.9974,5.82
2022-12-17 10:51:00,0.9991,0.9992,0.9992,0.9992,35.74
2022-12-17 11:01:00,0.9974,0.9974,0.9974,0.9974,135.68
2022-12-17 11:35:00,0.9974,0.9992,0.9992,0.9974,8.1
2022-12-17 11:42:00,0.9987,0.9992,0.9987,0.9992,10.98
2022-12-17 12:16:00,0.9974,0.9992,0.9992,0.9974,27.32
2022-12-17 12:23:00,0.9974,0.9992,0.9974,0.9992,4.18
2022-12-17 12:56:00,0.9987,0.9987,0.9987,0.9987,0.1
2022-12-17 13:06:00,0.9974,0.999,0.999,0.9974,4.73
2022-12-17 13:36:00,0.9992,0.9992,0.9992,0.9992,2.47
2022-12-17 13:38:00,0.999,0.9992,0.9992,0.999,38.12
2022-12-17 13:46:00,0.9988,0.9988,0.9988,0.9988,0.3
2022-12-17 14:02:00,0.9974,0.9992,0.9992,0.9974,10.97
2022-12-17 14:08:00,0.9987,0.9987,0.9987,0.9987,0.22
2022-12-17 14:11:00,0.9974,0.9974,0.9974,0.9974,4.96
2022-12-17 14:23:00,0.9988,0.9992,0.9988,0.9992,7.2
2022-12-17 14:28:00,0.9974,0.9992,0.9992,0.9974,55.82
2022-12-17 14:33:00,0.9974,0.9974,0.9974,0.9974,2.35
2022-12-17 14:42:00,0.9969,0.9992,0.9992,0.9969,308.37
2022-12-17 14:57:00,0.999,0.9992,0.9992,0.999,3.94
2022-12-17 15:01:00,0.999,0.999,0.999,0.999,0.21
2022-12-17 15:12:00,0.9971,0.999,0.999,0.9971,3.6
2022-12-17 15:26:00,0.9992,0.9992,0.9992,0.9992,4.46
2022-12-17 15:31:00,0.9971,0.9972,0.9971,0.9972,3.19
2022-12-17 15:39:00,0.9987,0.9987,0.9987,0.9987,20.35
2022-12-17 15:49:00,0.9973,0.9992,0.9992,0.9973,0.39
2022-12-17 16:11:00,0.9973,0.9992,0.9974,0.9992,41.07
2022-12-17 16:46:00,0.9973,0.9976,0.9976,0.9973,308.11
2022-12-17 16:49:00,0.9966,0.9974,0.9973,0.9966,1652.34
2022-12-17 17:10:00,0.999,0.9992,0.999,0.9992,0.63
2022-12-17 17:12:00,0.9992,0.9992,0.9992,0.9992,8.75
2022-12-17 17:14:00,0.997,0.999,0.997,0.999,12.57
2022-12-17 17:20:00,0.999,0.9992,0.999,0.9992,21.01
2022-12-17 17:53:00,0.9971,0.9971,0.9971,0.9971,2.0
2022-12-17 18:00:00,0.997,0.9989,0.9971,0.9989,21.26
2022-12-17 18:05:00,0.9986,0.9992,0.9986,0.9992,1.12
2022-12-17 18:20:00,0.999,0.9992,0.9992,0.999,1.99
2022-12-17 18:27:00,0.9967,0.9972,0.9972,0.9967,211.97
2022-12-17 18:39:00,0.9973,0.9992,0.9992,0.9973,207.73
2022-12-17 18:49:00,0.9973,0.999,0.999,0.9973,52.58
2022-12-17 19:48:00,0.9967,0.9973,0.9973,0.9967,211.96
2022-12-17 20:25:00,0.9992,0.9992,0.9992,0.9992,0.39
2022-12-17 20:28:00,0.998,0.9992,0.998,0.9992,37.15
2022-12-17 20:37:00,0.9992,0.9992,0.9992,0.9992,26.1
2022-12-17 20:56:00,0.9968,0.997,0.997,0.9969,46.13
2022-12-17 21:04:00,0.9986,0.9992,0.9986,0.9992,13.66
2022-12-17 21:10:00,0.9968,0.999,0.999,0.9968,46.4
2022-12-17 21:28:00,0.9989,0.9989,0.9989,0.9989,3.39
2022-12-17 21:31:00,0.9968,0.9969,0.9968,0.9969,3.23
2022-12-17 21:34:00,0.9988,0.999,0.999,0.9988,0.5
2022-12-17 21:41:00,0.9988,0.999,0.9988,0.999,0.2
2022-12-17 21:59:00,0.999,0.999,0.999,0.999,9.86
2022-12-17 22:19:00,0.9967,0.9969,0.9969,0.9967,129.17
2022-12-17 22:32:00,0.9966,0.9985,0.9968,0.9985,110.79
2022-12-17 22:48:00,0.9983,0.9987,0.9985,0.9987,10.3
2022-12-17 22:53:00,0.9967,0.9982,0.9982,0.9967,60.24
2022-12-17 23:34:00,0.9968,0.9996,0.9968,0.9996,1463.7
2022-12-17 23:37:00,0.9968,0.9996,0.9996,0.9968,106.43
2022-12-18 00:34:00,0.9968,0.9995,0.9995,0.9968,2.13
2022-12-18 01:14:00,0.9972,0.9988,0.9988,0.9972,33.32
2022-12-18 02:37:00,0.9972,0.9989,0.9972,0.9989,13.0
2022-12-18 02:57:00,0.9985,0.9987,0.9987,0.9985,11.18
2022-12-18 03:00:00,0.9985,0.9989,0.9985,0.9989,15.4
2022-12-18 03:01:00,0.9977,0.9989,0.9989,0.9977,33.42
2022-12-18 04:28:00,0.9989,0.9989,0.9989,0.9989,0.11
2022-12-18 05:20:00,0.9977,0.9989,0.9977,0.9989,5.08
2022-12-18 05:30:00,0.9976,0.9977,0.9977,0.9976,97.92
2022-12-18 08:54:00,0.9976,0.9976,0.9976,0.9976,0.13
2022-12-18 09:02:00,0.9966,0.9976,0.9976,0.9967,4036.5
2022-12-18 10:03:00,0.9966,0.9966,0.9966,0.9966,1308.57
2022-12-18 10:26:00,0.9966,0.9996,0.9966,0.9996,588.24
2022-12-18 12:16:00,0.9967,0.9967,0.9967,0.9967,106.01
2022-12-18 12:28:00,0.9967,0.9971,0.9967,0.9971,10.2
2022-12-18 12:34:00,0.9968,0.9968,0.9968,0.9968,22.88
2022-12-18 13:39:00,0.9968,0.9968,0.9968,0.9968,4.79
2022-12-18 14:08:00,0.9969,0.997,0.997,0.9969,15.05
2022-12-18 14:54:00,0.9995,0.9995,0.9995,0.9995,0.21
2022-12-18 15:29:00,0.9968,0.9968,0.9968,0.9968,27.08
2022-12-18 16:00:00,0.9968,0.9974,0.9968,0.9974,5.21
2022-12-18 16:16:00,0.9974,0.999,0.999,0.9974,0.31
2022-12-18 17:13:00,0.9974,0.9994,0.9994,0.9974,0.31
2022-12-18 17:57:00,0.9992,0.9994,0.9994,0.9992,9.97
2022-12-18 18:06:00,0.9966,0.9993,0.9993,0.9966,3108.94
2022-12-18 18:17:00,0.997,0.997,0.997,0.997,5.02
2022-12-18 18:30:00,0.997,0.997,0.997,0.997,0.92
2022-12-18 19:23:00,0.9966,0.9992,0.9992,0.9966,56.83
2022-12-18 20:36:00,0.9967,0.999,0.999,0.9967,304.26
2022-12-18 20:38:00,0.9967,0.9992,0.9992,0.9967,104.07
2022-12-18 20:39:00,0.9968,0.9992,0.9968,0.9992,11.44
2022-12-18 20:44:00,0.9989,0.9992,0.9992,0.9989,20.53
2022-12-18 21:03:00,0.9968,0.9968,0.9968,0.9968,6.01
2022-12-18 21:06:00,0.9968,0.9968,0.9968,0.9968,12.86
2022-12-18 21:08:00,0.9968,0.9968,0.9968,0.9968,5.02
2022-12-18 21:13:00,0.9983,0.9987,0.9987,0.9983,55.91
2022-12-18 21:26:00,0.9985,0.9991,0.9985,0.9991,5.1
2022-12-18 21:46:00,0.995,0.997,0.997,0.9965,5007.67
2022-12-18 22:04:00,0.9965,0.9985,0.9985,0.9965,87.63
2022-12-18 22:11:00,0.996,0.9986,0.9965,0.9986,14.91
2022-12-18 22:16:00,0.996,0.9963,0.9962,0.996,56.11
2022-12-18 22:26:00,0.9957,0.996,0.996,0.9957,32.27
2022-12-18 22:45:00,0.9967,0.9991,0.9986,0.9967,34.21
2022-12-18 23:19:00,0.9967,0.9967,0.9967,0.9967,2.6
2022-12-18 23:34:00,0.9969,0.9969,0.9969,0.9969,4.12
2022-12-18 23:41:00,0.9969,0.9969,0.9969,0.9969,0.3
2022-12-18 23:45:00,0.9969,0.9984,0.9969,0.9984,2.8
2022-12-18 23:56:00,0.9976,0.9985,0.9984,0.9976,18.79
2022-12-19 02:42:00,0.9979,0.9997,0.9979,0.9997,10107.45
2022-12-19 03:13:00,0.998,0.9981,0.998,0.9981,77.38
2022-12-19 04:11:00,0.9978,0.9992,0.9979,0.9992,50.15
2022-12-19 05:02:00,0.9981,0.9993,0.9981,0.9993,0.22
2022-12-19 06:03:00,0.9981,0.9981,0.9981,0.9981,0.22
2022-12-19 06:45:00,0.9981,0.9981,0.9981,0.9981,0.11
2022-12-19 06:48:00,0.9981,0.9981,0.9981,0.9981,3.64
2022-12-19 07:34:00,0.9993,0.9995,0.9993,0.9995,10.75
2022-12-19 07:45:00,0.9995,0.9995,0.9995,0.9995,1.43
2022-12-19 07:52:00,0.9981,0.9993,0.9981,0.9993,1.1
2022-12-19 09:28:00,0.9981,0.9983,0.9983,0.9981,1.07
2022-12-19 09:52:00,0.998,0.9981,0.9981,0.998,100.0
2022-12-19 10:23:00,0.998,0.9981,0.9981,0.998,3.23
2022-12-19 14:20:00,0.998,0.9995,0.9992,0.998,132.08
2022-12-19 14:31:00,0.998,0.998,0.998,0.998,25.18
2022-12-19 14:56:00,0.9979,0.998,0.998,0.9979,96.44
